CREATE DATABASE dbCientificos
GO
USE dbCientificos
GO

CREATE TABLE CIENTIFICOS(
DNI varchar(8) NOT NULL,
NomApels nvarchar(255))

GO

CREATE TABLE ASIGNADO_A(
Cientifico varchar(8) NOT NULL,
Proyecto char(4) NOT NULL)

GO

CREATE TABLE PROYECTO(
Id char(4) NOT NULL,
Nombre nvarchar(255),
Horas int)

ALTER TABLE CIENTIFICOS ADD CONSTRAINT PK_CIENTIFICOS  PRIMARY KEY(DNI);

ALTER TABLE PROYECTO ADD CONSTRAINT PK_PROYECTO PRIMARY KEY(Id);

ALTER TABLE ASIGNADO_A ADD CONSTRAINT PK_ASIGNADO_A PRIMARY KEY(Cientifico,Proyecto);

ALTER TABLE ASIGNADO_A ADD CONSTRAINT FK_ASIGNADO_CIENTIFICOS FOREIGN KEY(Cientifico) REFERENCES CIENTIFICOS(DNI);

ALTER TABLE ASIGNADO_A ADD CONSTRAINT FK_ASIGNADO_PROYECTOS FOREIGN KEY(Proyecto) REFERENCES PROYECTO(Id);

---INSERT CIENTIFICOS---
INSERT INTO CIENTIFICOS VALUES('001','Javier Hernandez');

INSERT INTO CIENTIFICOS VALUES('002','Emanuel Ramirez');

INSERT INTO CIENTIFICOS VALUES('003','Ricardo Villanueva');

INSERT INTO CIENTIFICOS VALUES('004','Luis Echeverria');

INSERT INTO CIENTIFICOS VALUES('005','Jonny Cash');

---INSERT PROYECTOS---
INSERT INTO PROYECTO VALUES('00A','Omega',20);

INSERT INTO PROYECTO VALUES('00B','Beta',30);

INSERT INTO PROYECTO VALUES('00C','Alfa',11);

INSERT INTO PROYECTO VALUES('00D','Gama',12);

INSERT INTO PROYECTO VALUES('00E','Sigma',30);


---INSERT ASIGNADO_A---

INSERT INTO ASIGNADO_A VALUES('001','00A'); 

INSERT INTO ASIGNADO_A VALUES('001','00B'); 

INSERT INTO ASIGNADO_A VALUES('001','00C'); 

INSERT INTO ASIGNADO_A VALUES('001','00D'); 

INSERT INTO ASIGNADO_A VALUES('002','00A'); 

INSERT INTO ASIGNADO_A VALUES('002','00B'); 

INSERT INTO ASIGNADO_A VALUES('003','00D'); 

INSERT INTO ASIGNADO_A VALUES('004','00A'); 

INSERT INTO ASIGNADO_A VALUES('004','00B'); 

INSERT INTO ASIGNADO_A VALUES('004','00C'); 